insert into module(id, name, course_id)
values
(1, 'Вступ', 2),
(2, 'Модуль 1. Будова FPV дрона і компоненти', 2),
(3, 'Модуль 2. Техніка пайки', 2),
(4, 'Модуль 3. Перевірка і налаштування дрона', 2),
(5, 'Модуль 4. Як навчитися літати на FPV дроні', 2),
(6, 'Модуль 5. Антени для FPV', 2);

insert into topics(id, name, text, module_id)
values
    (1, 'Про курс', 'про курс', 1),
    (2, 'Рекомендовані компоненти та інструменти', 'Рекомендовані компоненти та інструменти', 1),
    (3, 'Лекція 1.1. Будова FPV дрона', 'Лекція 1.1', 2),
    (4, 'Лекція 1.2. Характеристики 7-дюймового дрона камікадзе', 'Лекція 1.2', 2),
    (5, 'Лекція 1.3. Популярні компоненти різних виробників', 'Лекція 1.3', 2),
    (6, 'Матеріали до лекції', 'Матеріали до лекції', 2);

insert into test(id, name, module_id, test_complete)
values (1, 'Тест 1', 2, false);

insert into question(id, question, test_id)
values
    (1, 'Що таке KV?', 1),
    (2, 'Які антени є в дроні?', 1),
    (3, 'Моторів зі списку рекомендованих нема, але продавець пропонує заміну. Мотор має інший розмір, інший KV і новий бренд. Які ризики це може нести?', 1),
    (4, 'Що таке стак (stack) в FPV дроні?', 1),
    (5, 'У чому переваги використання списків рекомендованих компонентів?', 1),
    (6, 'Що означає маркування мотору «2807»?', 1),
    (7, 'Які інструменти з перелічених нижче знадобляться для збірки дрона?', 1),
    (8, 'Яка роль відеопередавача?', 1),
    (9, 'Чи сумісні між собою приймач Crossfire і передавач ExpressLRS?', 1),
    (10, 'Які антени відеопередавача ми використовуємо у цьому курсі?', 1);

insert into answer(answer, is_correct, question_id)
values
('Відстань у дюймах, яку проходить пропелер за один оберт', false, 1),
( 'Кількість послідовно зʼєднаних елементів батареї, яка може живити даний мотор', false, 1),
('Кількість обертів двигуна на 1 вольт прикладеної напруги', true, 1),
('Кіловат', false, 1),( 'Передавача відео',true, 2),
('Приймача відео', false, 2),
('Передавача керування', false, 2),
('Можна брати будь-які мотори з таким самим KV', false, 3),
('Програмні налаштування, які надаються в курсі, розраховані на комбінацію рама-мотори-стек, вказані у рекомендованих матеріалах', true, 3),
( 'Ризиків нема, якщо це мотор 900KV', false, 3),
('Новий бренд поки не втратив якість, тому можна брати', false, 3),
('Комплект із польотного контролера і регулятора обертів', true, 4),
('Комплект із плати радіоприймача і антени відповідної частоти', false, 4),
('Ситуація, к коли відколюється головка гвинта, а сам гвинт неможливо викрутити з отвора у рамі', false, 4),
('Компоненти були протестовані, перевірені на великих партіях', false, 5),
('Якість компонентів відповідає очікуванням від готового продукта', false, 5),
('Комбінація рекомендованих компонентів розрахована інженерами, під цю комбінацію підібрані програмні налаштування', false, 5),
('Всі відповіді правильні', true, 5),
('Висота статора – 28 мм, діаметр – 70 мм', false, 6),
('Діаметр статора – 28 мм, висота – 7 мм', true, 6),
('Діаметр статора – 28 мм, кількість магнітів – 7 шт.', false, 6),
('Опір обмотки мотора – 28 ом, товщина обмотки – 7 мм', false, 6),
('Чотирьохгранні та пласкі викрутки', false, 7),
('Бокорізи', true, 7),
('Ключ на М6', false, 7),
('Приймає відеосигнал з ESC', false, 8),
('Передає відеосигнал до оператора дрона', true, 8),
('Передає керування', false, 8),
('Пищить, коли дрон втратив зв’язок', false, 8),
('Так, сумісні', false, 9),
('Ні, не сумісні', true, 9),
('Сумісні за умови, що обидва працюють на частоті 900 Мгц', false, 9),
('Правої поляризації (RHCP)', true, 10),
('Лівої поляризації (LHCP)', false, 10),
('Еліптичної поляризації, з коефіцієнтом еліптичності рівним 2', false, 10),
('Лінійної поляризації', false, 10);